sex,n,smokers,proportion
Female,6740,1167,0.1731454005934718
Male,6572,1418,0.21576384662203288
