SmokingBinary,1.0,2.0
Non-Smoker,32.81818181818182,67.18181818181819
Smoker,53.81944444444444,46.18055555555556
