SmokingIntensity,1.0,2.0
Non-Smoker,32.81818181818182,67.18181818181819
Light,53.15487571701721,46.845124282982795
Moderate,56.72268907563025,43.27731092436975
Heavy,54.25,45.75
